{
    "engine_idle": {"category": "master","sounds": [{"name": "car:engine_idle","stream": false}]},
    "engine_start": {"category": "master","sounds": [{"name": "car:engine_start","stream": false}]},
    "engine_starting": {"category": "master","sounds": [{"name": "car:engine_starting","stream": false}]},
    "engine_stop": {"category": "master","sounds": [{"name": "car:engine_stop","stream": false}]},
    "engine_high": {"category": "master","sounds": [{"name": "car:engine_high","stream": false}]},
    "engine_fail": {"category": "master","sounds": [{"name": "car:engine_fail","stream": false}]},
    "car_crash": {"category": "master","sounds": [{"name": "car:car_crash","stream": false}]},
    "gas_station": {"category": "master","sounds": [{"name": "car:gas_station","stream": false}]},
    "generator": {"category": "master","sounds": [{"name": "car:generator","stream": false}]},
    "sport_engine_idle": {"category": "master","sounds": [{"name": "car:sport_engine_idle","stream": false}]},
    "sport_engine_start": {"category": "master","sounds": [{"name": "car:sport_engine_start","stream": false}]},
    "sport_engine_starting": {"category": "master","sounds": [{"name": "car:sport_engine_starting","stream": false}]},
    "sport_engine_stop": {"category": "master","sounds": [{"name": "car:sport_engine_stop","stream": false}]},
    "sport_engine_high": {"category": "master","sounds": [{"name": "car:sport_engine_high","stream": false}]},
    "sport_engine_fail": {"category": "master","sounds": [{"name": "car:sport_engine_fail","stream": false}]},
    "car_horn": {"category": "master","sounds": [{"name": "car:car_horn","stream": false}]},
    "car_lock": {"category": "master","sounds": [{"name": "car:car_lock","stream": false}]},
    "car_unlock": {"category": "master","sounds": [{"name": "car:car_unlock","stream": false}]},
    "ratchet": {"category": "master","sounds": [{"name": "car:ratchet_1","stream": false},{"name": "car:ratchet_2","stream": false},{"name": "car:ratchet_3","stream": false}]}
}