{
  "startup": {
    "sounds": [
      "custom/startup" ]
  },
  "engine_start": {
    "sounds": [
      "custom/engine_start" ]
  },
  "ps_one": {
    "sounds": [
      "custom/ps_one" ]
  },
  "car_lock": {
    "sounds": [
      "custom/car_lock" ]
  },
  "introbo": {
    "sounds": [
      "custom/introbo" ]
  },
  "mustache": {
    "sounds": [
      "custom/mustache" ]
  },
  "operation_aquathunder": {
    "sounds": [
      "custom/operation_aquathunder" ]
  },
  "operation_firelightning": {
    "sounds": [
      "custom/operation_firelightning" ]
  },
  "laugh": {
    "sounds": [
      "custom/laugh" ]
  },
  "humanity": {
    "sounds": [
      "custom/humanity" ]
  },
  "fine": {
    "sounds": [
      "custom/fine" ]
  },
  "physics": {
    "sounds": [
      "custom/physics" ]
  },
  "attention_everybody": {
    "sounds": [
      "custom/attention_everybody" ]
  }
}